rainfall_mm,temperature_c,humidity_pct,wind_speed_kmh,disaster_type
73.2,23.6,72.8,19.3,Normal
99.2,25.6,59.4,2.7,Landslide
64.3,30.1,91.5,95.1,Cyclone
57.6,28.6,83.6,44.4,Landslide
107.8,31.3,74.4,19.5,Flood
61.4,24.1,96.9,49.4,Landslide
82.1,30.4,47.5,57.0,Normal
76.6,33.4,69.9,31.8,Flood
107.7,30.9,75.5,9.3,Flood
50.4,29.6,56.3,31.8,Normal
132.8,28.6,74.5,21.4,Flood
41.0,25.7,53.4,29.4,Normal
85.8,28.7,80.4,24.0,Landslide
79.0,34.0,85.9,115.6,Cyclone
38.1,28.5,74.1,52.9,Normal
90.8,25.4,42.2,12.9,Normal
53.3,27.0,55.5,70.6,Cyclone
28.4,29.8,78.5,15.5,Normal
98.8,27.5,70.3,47.9,Landslide
19.8,30.9,29.6,43.3,Normal
33.1,31.1,88.6,55.6,Normal
63.8,32.6,72.0,14.1,Normal
107.2,34.7,57.7,9.4,Flood
94.7,33.0,84.9,41.4,Landslide
72.4,25.3,59.8,1.2,Normal
14.2,25.4,59.7,15.2,Normal
39.6,28.7,75.4,8.2,Normal
46.8,27.2,96.7,12.2,Landslide
27.3,24.4,94.4,9.0,Normal
10.5,27.2,75.4,55.3,Normal
66.0,27.1,76.9,18.6,Landslide
96.7,26.3,81.9,9.9,Landslide
44.0,27.7,51.1,21.7,Normal
106.3,33.7,79.7,67.1,Flood
17.6,29.8,59.0,16.0,Normal
25.9,38.9,74.8,32.2,Normal
65.0,29.7,66.6,18.2,Normal
41.1,27.8,77.5,101.6,Cyclone
91.4,29.0,71.8,38.0,Flood
81.5,30.0,23.9,144.8,Cyclone
43.4,30.7,72.7,18.0,Normal
19.3,37.3,79.6,28.1,Normal
39.6,25.6,76.7,18.3,Normal
82.9,32.4,68.5,86.6,Cyclone
93.9,29.8,94.6,11.9,Landslide
41.2,22.7,74.7,23.3,Normal
10.5,32.1,76.6,66.5,Normal
16.7,34.1,85.7,27.0,Normal
78.3,25.6,75.4,8.1,Normal
42.9,29.0,56.5,47.7,Normal
43.7,22.1,33.4,45.1,Normal
25.5,24.0,62.8,29.8,Normal
25.1,33.2,81.4,62.1,Normal
105.1,27.1,64.7,56.2,Flood
80.2,24.6,82.0,12.8,Normal
35.4,29.9,72.2,29.9,Normal
61.7,26.9,89.3,98.0,Cyclone
69.5,27.1,65.6,114.0,Cyclone
164.8,32.0,77.0,64.5,Flood
23.2,24.4,77.6,21.7,Normal
68.8,25.4,92.5,3.4,Landslide
104.8,29.6,44.4,19.4,Normal
152.6,32.9,63.1,11.2,Flood
33.9,34.0,82.7,102.7,Cyclone
42.4,26.3,93.2,6.2,Landslide
92.0,32.7,73.6,13.1,Flood
13.9,25.9,65.6,41.3,Normal
73.7,36.3,81.4,35.2,Normal
203.1,24.5,83.0,94.8,Flood
79.1,34.3,64.6,53.8,Normal
5.3,26.4,75.0,31.6,Normal
28.8,37.1,87.7,80.6,Cyclone
34.8,31.4,98.4,25.9,Normal
121.0,24.9,81.1,99.9,Cyclone
51.5,26.9,70.7,17.2,Normal
10.7,32.1,69.2,34.3,Normal
55.9,33.2,78.4,4.1,Normal
64.4,28.7,68.3,66.8,Normal
38.6,29.2,72.8,39.6,Normal
24.7,32.0,54.1,100.1,Cyclone
217.0,29.5,89.5,29.1,Flood
105.0,23.8,52.9,9.5,Normal
111.4,25.7,63.5,49.1,Landslide
51.5,29.9,71.5,22.9,Normal
33.5,33.9,99.9,60.4,Normal
40.1,35.5,63.7,17.5,Normal
17.5,32.1,60.0,88.5,Cyclone
162.7,30.1,61.7,37.2,Landslide
53.1,32.0,94.9,31.7,Normal
139.5,26.3,27.8,84.6,Cyclone
41.7,28.4,55.0,67.5,Normal
79.9,25.7,100.0,19.7,Landslide
67.0,24.0,78.9,66.1,Cyclone
15.8,30.3,53.4,57.1,Normal
176.0,29.7,69.4,33.1,Flood
42.7,31.8,71.0,62.5,Normal
21.2,31.2,82.7,88.3,Cyclone
92.5,30.0,97.6,33.9,Landslide
58.1,31.2,75.8,34.0,Normal
75.0,28.8,61.9,32.6,Normal
62.5,30.7,81.8,19.0,Flood
6.1,26.1,59.5,33.6,Normal
27.9,30.5,54.5,30.8,Normal
27.0,31.7,43.6,29.5,Normal
110.3,26.3,46.5,29.1,Flood
59.7,29.2,56.6,13.1,Normal
83.3,26.5,52.3,72.1,Cyclone
44.7,26.9,74.7,22.3,Normal
86.2,24.5,52.0,91.6,Cyclone
51.6,34.1,22.8,15.8,Normal
48.8,33.3,54.3,105.5,Cyclone
66.7,31.1,62.9,26.9,Normal
62.5,36.9,60.9,66.7,Normal
262.0,28.2,92.8,39.3,Flood
27.6,41.1,60.8,11.5,Normal
14.0,28.1,83.2,12.0,Normal
73.8,30.0,69.7,20.8,Normal
31.2,27.4,69.4,25.7,Normal
5.2,30.5,57.5,34.7,Normal
22.3,32.3,69.1,45.7,Normal
226.1,28.5,58.5,31.3,Flood
27.0,36.1,72.6,43.9,Normal
9.5,30.0,66.5,49.2,Normal
217.1,30.1,55.8,30.3,Flood
21.5,25.4,84.9,56.5,Normal
312.7,30.7,76.4,65.4,Flood
43.2,28.5,63.3,50.1,Normal
176.5,26.6,72.2,52.1,Landslide
47.9,25.9,68.7,41.2,Normal
80.3,39.7,57.0,76.4,Cyclone
52.5,27.9,71.1,35.3,Landslide
48.2,23.2,60.7,21.1,Normal
69.5,26.2,55.8,36.1,Normal
82.3,28.8,45.7,11.6,Normal
65.6,31.2,64.6,10.3,Normal
60.8,31.2,78.5,65.6,Normal
31.4,31.7,59.6,92.6,Cyclone
54.0,26.4,100.0,27.6,Landslide
162.2,30.4,83.3,66.0,Landslide
30.2,25.5,89.6,5.4,Normal
70.9,26.5,81.9,50.2,Normal
130.4,25.3,97.8,35.4,Flood
82.8,24.2,58.2,102.6,Cyclone
111.1,33.3,31.6,31.8,Normal
21.2,31.8,63.3,14.8,Normal
71.1,32.9,78.4,9.0,Flood
46.1,29.2,72.3,36.1,Normal
47.7,32.1,74.1,41.1,Normal
153.3,22.0,89.8,30.3,Flood
48.3,32.5,75.7,67.0,Normal
72.8,29.7,82.0,86.0,Cyclone
9.5,31.5,55.9,27.3,Normal
176.4,30.5,53.6,6.6,Flood
106.7,25.1,94.2,44.1,Landslide
55.6,23.0,71.5,77.4,Cyclone
44.5,26.2,60.7,27.4,Normal
88.8,31.3,60.7,52.1,Normal
129.3,31.8,60.3,13.8,Landslide
177.9,23.5,59.4,43.4,Landslide
104.3,25.1,50.8,52.8,Normal
61.4,26.1,47.5,44.2,Normal
115.4,27.6,67.1,120.5,Cyclone
101.3,23.6,61.1,91.8,Cyclone
61.6,23.3,86.6,58.8,Cyclone
99.3,25.7,74.4,72.6,Cyclone
98.0,29.3,74.0,43.1,Flood
55.4,24.3,58.9,34.2,Normal
37.9,28.5,68.2,25.2,Normal
92.1,33.2,75.4,13.5,Landslide
23.5,23.8,80.7,94.6,Cyclone
18.8,28.2,68.6,123.5,Cyclone
73.6,33.1,86.2,36.7,Landslide
90.4,27.3,70.1,37.2,Normal
73.2,26.7,81.9,54.3,Normal
79.1,33.7,62.7,31.9,Landslide
89.3,27.8,42.8,15.2,Normal
153.7,33.4,74.0,11.3,Landslide
105.6,30.7,80.9,120.7,Cyclone
103.4,27.6,78.6,7.6,Flood
69.5,30.9,76.3,45.4,Landslide
71.4,30.3,64.8,8.7,Landslide
51.9,33.1,57.9,33.1,Normal
77.4,26.8,78.3,27.2,Flood
22.4,29.2,76.4,10.2,Normal
154.1,28.8,61.6,55.7,Flood
28.5,31.8,86.6,14.2,Normal
105.4,24.9,56.8,8.9,Normal
141.3,33.1,61.2,59.9,Flood
105.2,30.9,94.5,27.3,Landslide
239.4,23.7,83.0,19.2,Flood
6.6,33.8,64.6,62.5,Normal
40.0,37.9,74.3,13.6,Normal
139.8,33.0,72.3,6.8,Landslide
18.1,34.7,28.8,82.2,Cyclone
29.3,29.3,56.4,109.9,Cyclone
85.4,22.4,69.2,32.4,Landslide
60.8,21.6,64.7,32.1,Normal
81.7,30.0,73.7,65.0,Cyclone
64.8,26.6,86.9,76.8,Cyclone
69.3,25.3,65.2,15.0,Normal
31.9,28.7,54.1,28.4,Normal
67.7,31.5,74.9,42.9,Landslide
42.3,23.2,65.1,62.4,Normal
47.1,27.2,67.7,57.9,Landslide
104.4,35.0,65.6,51.6,Flood
17.2,24.7,100.0,76.7,Landslide
3.7,32.5,36.4,34.2,Normal
99.2,27.1,64.2,95.2,Cyclone
67.7,31.2,69.9,22.9,Normal
141.2,33.4,58.3,58.6,Flood
30.0,32.0,83.5,25.7,Normal
54.0,32.6,82.2,32.8,Landslide
62.6,24.4,69.3,36.8,Normal
35.4,33.5,65.9,24.5,Normal
26.7,25.6,68.3,78.9,Cyclone
102.7,30.0,68.4,26.7,Flood
15.5,30.0,68.8,35.4,Normal
22.8,30.9,67.2,53.9,Normal
52.6,30.3,73.8,155.2,Cyclone
111.1,25.6,81.3,55.3,Flood
37.4,23.6,51.5,37.7,Normal
33.5,32.5,54.2,5.6,Normal
50.2,29.7,43.8,32.1,Normal
76.3,33.6,83.0,21.2,Landslide
44.2,28.8,73.8,28.1,Landslide
121.1,23.4,77.6,25.3,Landslide
124.6,32.9,48.6,53.5,Flood
52.6,27.5,96.8,31.6,Landslide
198.4,30.4,60.9,17.2,Flood
61.5,26.4,72.5,66.8,Landslide
121.7,35.6,82.8,12.3,Flood
74.7,25.5,55.2,36.5,Landslide
73.7,27.7,61.8,32.3,Landslide
12.0,29.4,72.7,46.4,Normal
21.0,24.6,100.0,77.2,Normal
46.1,30.3,74.5,170.5,Cyclone
123.9,35.4,94.1,37.7,Flood
75.5,27.0,88.1,20.9,Landslide
46.4,30.6,75.5,19.3,Normal
91.0,18.0,55.2,19.2,Normal
120.8,28.8,85.9,45.2,Landslide
58.6,27.7,47.5,4.2,Normal
69.0,25.7,94.0,11.6,Landslide
62.6,33.3,73.0,45.2,Normal
55.8,27.7,30.2,69.1,Normal
29.7,28.3,64.9,69.4,Cyclone
27.7,27.5,79.8,39.0,Normal
90.6,21.3,66.4,63.2,Cyclone
122.4,24.5,80.7,78.1,Cyclone
46.3,32.8,57.2,26.4,Normal
45.5,20.6,50.4,72.8,Cyclone
8.5,25.9,68.9,8.2,Normal
6.7,27.4,70.5,11.3,Normal
144.2,36.0,64.8,27.6,Landslide
31.5,32.1,88.4,7.1,Normal
250.3,26.8,57.2,54.1,Flood
36.5,34.2,74.7,23.3,Normal
12.4,26.0,71.0,32.6,Normal
62.9,33.0,46.6,33.5,Normal
101.9,23.6,50.2,27.1,Normal
94.0,33.3,70.2,19.1,Normal
109.0,27.4,99.7,52.3,Flood
24.6,24.9,78.7,22.9,Normal
141.9,28.1,44.1,33.1,Flood
147.5,30.1,23.3,46.7,Flood
151.9,27.0,81.0,77.7,Flood
70.8,31.2,68.6,73.6,Normal
43.5,26.7,87.1,24.6,Normal
40.3,31.5,56.8,18.2,Normal
12.3,30.8,75.3,88.4,Cyclone
37.2,28.8,82.7,22.8,Normal
3.2,27.2,63.3,50.9,Normal
10.5,29.6,63.6,6.7,Normal
70.3,31.2,70.4,4.1,Normal
47.6,37.2,78.1,37.7,Normal
68.0,32.8,69.8,29.8,Normal
96.5,32.9,84.6,60.2,Flood
77.5,41.4,63.1,19.3,Landslide
72.8,31.1,50.1,44.2,Normal
54.5,30.9,99.7,58.0,Landslide
30.5,31.8,60.9,19.9,Normal
18.2,25.0,61.5,27.6,Normal
38.1,27.2,69.0,13.5,Normal
55.2,27.0,71.0,61.7,Normal
60.7,31.6,64.2,52.8,Normal
109.2,28.3,69.7,55.6,Landslide
51.4,29.6,69.4,29.7,Normal
86.8,33.3,72.6,52.2,Landslide
14.3,32.5,34.6,31.8,Normal
71.0,28.4,98.2,98.4,Cyclone
67.3,26.3,67.8,35.5,Normal
141.9,33.5,78.7,70.7,Landslide
47.7,32.1,49.3,29.8,Normal
46.0,22.6,62.9,85.0,Cyclone
96.9,27.7,59.9,18.2,Flood
19.7,29.7,92.0,48.3,Normal
69.6,32.1,61.2,21.4,Normal
18.7,32.6,81.4,42.9,Landslide
185.4,30.1,60.2,22.9,Flood
41.2,31.3,63.2,35.4,Normal
17.5,29.3,66.3,25.7,Normal
37.8,26.3,89.3,56.6,Normal
69.9,28.0,41.7,49.7,Normal
84.9,29.1,50.3,20.7,Normal
136.9,28.9,40.8,20.2,Flood
34.0,21.5,53.7,16.9,Normal
100.0,27.4,57.8,14.1,Normal
10.5,29.2,45.8,59.3,Normal
23.0,27.9,59.0,16.1,Normal
14.8,28.0,39.8,45.5,Normal
29.0,31.0,54.7,24.0,Normal
96.9,24.7,88.0,69.4,Flood
34.8,22.5,76.1,114.3,Cyclone
40.6,27.6,72.8,0.9,Normal
71.3,32.1,55.0,18.0,Normal
82.3,35.8,47.0,23.7,Normal
41.6,32.1,52.9,30.5,Normal
22.8,23.1,69.4,29.1,Normal
165.6,28.1,83.0,11.2,Flood
41.9,30.0,83.5,115.8,Cyclone
45.4,29.7,79.5,29.9,Landslide
50.2,31.2,58.9,49.6,Normal
88.6,25.3,70.4,50.7,Landslide
13.5,29.3,65.2,8.8,Normal
208.9,30.7,67.0,26.9,Flood
44.4,32.3,100.0,59.3,Landslide
90.8,25.8,43.6,88.7,Cyclone
17.7,27.6,66.5,27.3,Normal
66.1,18.2,88.2,10.6,Flood
188.0,26.5,48.0,22.1,Flood
170.8,26.9,60.3,26.4,Landslide
89.1,24.9,62.1,25.6,Normal
27.2,29.7,66.7,16.9,Normal
132.1,28.8,46.1,9.5,Landslide
10.4,20.0,78.9,13.4,Normal
26.3,29.9,80.0,22.2,Landslide
54.7,25.3,77.6,58.6,Normal
11.5,30.9,56.9,74.5,Normal
37.8,23.9,71.3,38.3,Normal
101.5,29.1,56.5,13.7,Normal
31.7,27.9,65.0,23.3,Normal
104.8,30.2,100.0,4.3,Landslide
245.8,29.5,71.4,89.8,Flood
77.7,28.0,52.2,20.4,Normal
103.6,22.9,72.7,46.7,Landslide
135.1,23.1,49.7,71.0,Cyclone
40.8,26.7,52.0,106.5,Cyclone
101.9,29.0,54.4,63.1,Cyclone
40.0,26.6,63.3,25.5,Normal
73.7,31.5,84.1,51.2,Flood
112.8,27.9,78.7,103.9,Cyclone
28.4,25.1,77.8,20.2,Normal
3.8,27.9,53.5,9.0,Normal
26.0,29.9,61.9,17.0,Normal
124.5,30.3,74.1,48.8,Landslide
23.1,36.5,60.6,26.0,Normal
119.7,26.3,65.8,32.9,Landslide
26.1,28.7,76.6,54.7,Normal
48.9,30.7,64.8,16.7,Normal
57.7,28.9,73.4,31.7,Landslide
22.9,27.0,93.9,22.9,Normal
49.3,22.8,67.4,101.2,Cyclone
12.4,27.0,87.7,61.8,Normal
43.9,24.7,78.4,26.2,Normal
54.1,22.1,48.0,25.0,Normal
4.1,25.8,53.5,108.8,Cyclone
25.8,24.8,57.5,103.0,Cyclone
72.1,31.3,57.2,48.6,Normal
20.5,31.4,68.6,34.1,Normal
81.0,25.4,79.2,11.4,Landslide
86.8,28.0,88.8,17.1,Landslide
71.8,21.6,74.6,10.5,Normal
101.0,27.0,63.3,72.9,Flood
11.5,30.6,38.8,11.5,Normal
116.3,32.3,71.1,24.7,Landslide
23.3,26.1,70.4,5.4,Normal
62.9,33.2,72.7,8.1,Normal
183.1,22.9,100.0,56.5,Flood
43.1,24.0,88.6,43.4,Normal
58.9,31.8,81.8,35.0,Landslide
23.4,35.7,55.6,25.1,Normal
181.9,31.0,62.3,7.0,Landslide
25.8,28.8,68.6,22.5,Normal
92.3,20.2,58.4,30.3,Normal
135.0,20.9,77.5,53.8,Flood
98.6,29.5,75.4,70.2,Cyclone
75.1,27.6,53.7,57.7,Normal
62.2,24.6,88.0,43.2,Landslide
17.5,29.3,71.5,34.6,Normal
176.5,29.5,44.1,40.1,Flood
70.6,32.8,69.2,21.2,Normal
58.9,29.5,74.2,36.9,Landslide
21.6,33.9,84.6,30.1,Normal
61.1,29.0,64.9,138.0,Cyclone
56.1,28.5,82.4,40.9,Normal
183.1,33.3,72.8,3.9,Flood
58.9,25.1,50.3,24.1,Normal
60.4,40.3,48.8,27.6,Normal
21.8,30.5,86.8,63.2,Cyclone
30.7,30.5,87.9,44.8,Normal
84.6,31.1,74.8,43.1,Landslide
9.1,36.5,92.4,83.3,Cyclone
115.9,32.2,85.8,103.3,Cyclone
118.0,22.6,80.3,56.4,Landslide
27.9,34.6,56.3,25.6,Normal
75.3,27.6,96.0,26.2,Landslide
138.0,29.4,78.0,76.3,Flood
52.6,23.9,64.2,26.1,Normal
45.1,31.1,60.0,32.9,Normal
49.7,26.4,73.9,23.6,Normal
70.5,29.4,44.9,13.5,Normal
34.3,27.9,80.5,131.0,Cyclone
42.0,36.7,55.7,33.1,Normal
71.6,36.9,75.6,91.3,Cyclone
39.2,29.2,62.2,26.4,Normal
20.0,29.3,66.0,20.4,Normal
8.2,27.5,58.6,53.1,Normal
59.7,33.4,67.6,70.0,Normal
132.2,27.7,98.3,73.1,Landslide
78.1,27.3,90.8,29.9,Landslide
20.8,32.9,75.3,57.1,Normal
30.5,26.8,69.6,22.3,Normal
44.8,28.8,82.7,36.6,Landslide
187.0,22.7,86.9,27.7,Flood
193.7,31.8,57.6,24.5,Flood
178.9,36.8,68.8,37.7,Flood
64.5,31.9,42.7,13.2,Normal
352.1,34.8,86.8,66.2,Flood
31.9,25.6,100.0,24.6,Landslide
43.5,29.9,71.2,64.0,Normal
109.8,25.2,38.1,15.8,Normal
71.8,28.1,79.1,24.5,Landslide
74.9,32.1,56.4,13.1,Normal
24.3,29.4,60.0,12.7,Normal
55.7,23.3,79.4,17.8,Normal
32.3,23.7,73.8,16.1,Normal
16.3,23.5,62.7,13.2,Normal
35.7,31.0,60.3,34.7,Normal
71.9,37.3,71.9,52.4,Landslide
97.6,34.4,63.9,54.3,Normal
7.8,21.4,53.4,6.5,Normal
57.8,34.7,65.0,27.6,Normal
53.8,32.7,75.1,25.5,Landslide
69.1,22.8,67.3,84.3,Cyclone
21.2,27.8,48.8,28.4,Normal
21.6,33.4,84.8,32.6,Normal
134.6,31.2,28.9,9.2,Normal
28.2,23.8,63.3,17.4,Normal
41.8,31.4,60.7,8.7,Normal
45.4,20.4,72.2,36.4,Normal
32.8,28.1,78.4,86.1,Cyclone
82.8,33.6,86.9,17.9,Landslide
77.8,29.1,59.3,28.6,Normal
51.9,27.0,78.8,16.2,Landslide
34.5,32.6,72.9,20.8,Normal
48.7,32.9,44.3,37.0,Normal
61.6,34.2,98.5,113.6,Cyclone
30.5,32.5,48.4,83.3,Cyclone
87.2,33.3,76.3,99.8,Cyclone
115.3,31.9,75.8,64.4,Landslide
150.3,30.1,74.1,28.3,Flood
144.2,29.4,62.6,25.3,Flood
45.1,28.1,82.4,18.0,Normal
63.9,24.2,46.6,28.0,Normal
51.1,25.2,69.0,86.9,Cyclone
51.0,27.9,61.5,86.3,Cyclone
48.5,30.0,59.8,141.5,Cyclone
58.6,34.8,76.4,39.0,Normal
128.4,28.8,86.2,11.3,Flood
73.5,33.0,64.9,50.0,Normal
20.3,33.3,81.7,114.4,Cyclone
112.0,28.1,70.7,94.6,Cyclone
68.4,31.4,56.6,23.1,Normal
83.4,28.0,66.1,12.4,Normal
72.4,34.3,65.5,12.1,Normal
74.9,31.5,59.6,19.0,Normal
77.4,24.2,76.4,21.5,Normal
10.0,29.6,73.5,26.7,Normal
82.7,35.6,46.1,54.7,Landslide
31.7,28.3,45.2,26.0,Normal
39.1,30.8,76.4,35.3,Normal
58.2,31.2,57.8,8.1,Normal
166.1,24.9,74.5,18.0,Flood
23.8,31.0,81.7,17.3,Normal
56.7,23.4,50.9,6.7,Normal
47.5,26.5,48.8,25.4,Normal
110.9,33.3,95.1,8.1,Landslide
46.5,30.4,75.3,24.0,Normal
69.0,27.8,63.7,37.4,Normal
23.8,30.8,56.0,87.9,Cyclone
123.8,28.8,62.3,16.5,Flood
14.9,29.1,52.1,36.6,Normal
81.9,31.6,83.3,20.1,Landslide
69.3,26.1,58.3,7.7,Normal
76.9,29.2,86.4,88.6,Landslide
15.1,27.8,64.0,38.7,Normal
45.7,22.7,54.3,48.2,Normal
107.2,25.3,63.6,98.3,Cyclone
182.8,35.3,30.6,23.9,Flood
53.5,30.5,68.2,10.8,Normal
100.3,23.7,67.4,16.3,Normal
64.4,22.8,82.4,9.9,Landslide
55.7,28.6,41.7,72.7,Cyclone
41.5,35.2,87.4,117.3,Cyclone
58.5,28.3,82.3,37.1,Landslide
94.2,34.2,88.8,55.8,Landslide
99.6,30.4,69.2,66.3,Cyclone
18.4,30.9,85.2,102.6,Cyclone
38.5,23.7,47.9,114.1,Cyclone
22.7,32.8,80.7,5.1,Normal
60.7,27.7,58.4,20.6,Normal
44.4,32.5,45.2,34.0,Normal
75.1,25.7,53.1,18.5,Normal
78.9,29.7,70.1,27.2,Normal
4.9,30.4,57.6,46.0,Normal
58.1,28.4,75.6,45.1,Normal
130.1,30.6,42.9,64.8,Landslide
38.5,27.9,38.1,34.6,Normal
37.6,26.4,90.6,2.3,Landslide
115.2,35.4,83.6,25.4,Flood
102.8,33.2,54.3,42.8,Flood
25.0,26.0,70.0,68.0,Cyclone
95.9,31.3,85.3,61.4,Landslide
30.2,26.0,76.3,31.1,Landslide
37.3,24.3,72.2,19.5,Normal
24.9,33.1,86.4,32.3,Landslide
18.3,22.2,59.0,6.0,Normal
63.4,32.7,70.5,21.1,Landslide
15.6,28.0,69.7,76.7,Cyclone
65.4,28.2,65.9,32.2,Normal
63.8,30.6,64.2,44.1,Normal
51.7,31.3,71.1,9.4,Landslide
40.0,25.7,70.5,67.7,Normal
33.8,31.9,54.3,29.9,Normal
22.1,29.5,82.0,43.1,Normal
151.0,24.0,55.4,50.0,Landslide
49.9,28.3,66.7,66.0,Normal
48.6,34.5,65.6,38.4,Normal
26.0,35.7,75.4,30.5,Normal
140.5,31.9,38.2,11.7,Landslide
35.6,24.2,83.4,8.6,Normal
70.1,31.0,59.8,37.8,Normal
80.1,32.4,88.3,43.3,Landslide
63.5,31.9,62.8,48.5,Landslide
15.2,32.1,69.3,16.6,Normal
93.1,30.5,98.7,21.3,Landslide
35.3,28.7,65.8,37.3,Normal
102.1,26.6,88.6,23.6,Flood
55.4,21.4,70.6,149.1,Cyclone
83.7,30.4,76.2,20.9,Normal
134.4,29.7,71.0,45.4,Flood
90.7,31.2,82.7,60.2,Landslide
85.1,23.6,59.7,62.7,Landslide
96.1,31.6,55.2,23.2,Flood
29.3,37.2,60.4,50.2,Normal
105.1,29.3,71.5,45.9,Flood
46.9,28.8,66.7,51.7,Normal
48.1,30.2,80.7,36.9,Normal
62.0,37.1,89.6,60.5,Normal
43.5,24.9,55.4,40.3,Normal
24.1,29.8,59.0,10.3,Normal
58.5,25.8,48.5,39.4,Normal
48.3,26.8,100.0,42.8,Landslide
47.0,28.8,74.6,57.6,Normal
54.0,34.4,77.2,37.8,Landslide
5.6,36.2,49.9,104.2,Cyclone
47.2,30.8,70.0,31.3,Normal
145.7,27.5,77.6,22.2,Flood
138.1,39.0,66.2,83.5,Cyclone
60.0,27.3,86.1,30.6,Landslide
58.5,26.7,100.0,35.3,Landslide
3.8,21.9,55.8,42.8,Normal
37.1,34.6,54.7,40.3,Normal
95.4,32.9,56.8,51.5,Normal
42.6,38.7,94.1,55.2,Normal
118.4,23.4,85.6,20.6,Flood
113.5,34.8,68.0,12.6,Flood
36.5,29.3,70.5,14.1,Normal
63.5,32.2,57.8,77.4,Cyclone
153.4,22.4,83.4,28.7,Flood
14.9,34.9,64.3,59.8,Normal
43.4,32.1,66.1,56.3,Normal
13.3,28.8,79.1,35.3,Normal
27.4,31.6,67.2,16.4,Normal
183.5,25.9,66.5,57.2,Flood
43.4,26.7,70.2,34.4,Normal
7.6,27.1,81.9,11.9,Normal
23.9,21.6,94.7,23.7,Normal
11.8,32.4,78.8,7.9,Normal
65.3,33.8,82.0,24.6,Normal
79.3,26.2,67.0,36.6,Normal
106.1,30.4,59.4,31.7,Landslide
91.9,27.9,79.8,28.8,Flood
15.6,30.3,72.6,36.4,Normal
76.4,26.5,48.7,49.3,Normal
52.2,25.5,65.1,63.1,Normal
116.7,33.2,68.8,69.0,Cyclone
99.2,28.7,62.3,18.7,Landslide
199.3,37.1,92.2,73.6,Flood
25.7,29.2,77.2,34.4,Normal
22.4,25.3,90.6,26.4,Landslide
39.0,33.9,74.0,14.4,Normal
53.8,31.5,71.2,46.9,Normal
32.9,31.9,56.0,45.6,Normal
26.9,33.8,70.2,22.0,Normal
72.8,26.4,70.2,22.5,Flood
38.9,28.5,49.5,30.8,Normal
31.7,28.3,61.9,26.0,Normal
15.6,23.8,65.2,18.0,Normal
4.3,27.9,76.2,13.0,Normal
141.0,34.3,76.9,74.2,Cyclone
138.2,29.9,61.3,23.6,Flood
101.3,23.6,77.0,45.4,Flood
85.4,22.8,67.3,51.9,Flood
36.0,35.7,27.0,47.1,Normal
87.8,28.6,62.7,53.9,Normal
20.9,26.4,86.2,46.7,Landslide
62.3,27.9,44.8,20.3,Normal
29.4,23.1,71.7,27.2,Normal
88.1,34.7,93.8,72.8,Landslide
160.3,27.4,58.6,23.1,Landslide
23.8,34.5,70.0,34.4,Normal
37.5,29.2,50.4,49.4,Normal
61.5,34.7,94.4,91.0,Cyclone
8.8,30.0,68.8,68.5,Normal
12.4,32.4,70.7,15.8,Normal
157.2,31.9,90.3,44.4,Landslide
73.1,31.5,79.9,40.8,Landslide
34.3,30.4,56.9,27.4,Normal
56.6,28.1,60.3,35.2,Normal
39.1,36.7,77.4,20.1,Normal
62.8,25.4,60.6,30.4,Normal
40.4,29.0,38.2,23.2,Normal
53.3,29.1,69.2,37.2,Landslide
93.7,30.6,47.8,26.6,Flood
89.5,27.3,94.2,95.6,Landslide
151.4,30.3,72.7,38.1,Landslide
76.9,28.3,56.4,32.9,Normal
59.4,22.7,59.5,29.1,Normal
166.4,29.0,41.7,26.7,Flood
49.0,24.6,53.5,11.9,Normal
5.0,22.1,85.2,59.7,Normal
102.2,29.5,100.0,83.5,Landslide
70.4,31.0,80.9,23.0,Landslide
57.3,31.1,68.6,72.6,Cyclone
104.1,31.3,63.5,148.1,Cyclone
40.7,21.3,55.7,114.6,Cyclone
5.3,23.6,100.0,81.1,Cyclone
105.5,36.9,67.2,13.3,Flood
33.3,24.8,100.0,13.1,Landslide
24.7,31.4,90.9,53.7,Landslide
5.7,26.3,43.9,34.7,Normal
99.5,29.3,60.0,4.7,Landslide
2.7,26.5,60.0,25.1,Normal
133.7,31.2,68.8,52.1,Landslide
44.0,29.5,69.1,30.7,Normal
102.8,27.2,100.0,34.8,Landslide
78.6,24.8,53.8,13.1,Flood
186.9,30.1,73.4,24.9,Flood
77.0,24.1,79.2,53.9,Landslide
130.3,30.7,70.0,23.9,Flood
36.5,39.5,71.7,76.5,Cyclone
12.4,34.4,54.3,35.4,Normal
113.9,31.9,71.6,46.8,Landslide
12.0,28.7,77.7,53.0,Normal
98.7,21.2,74.9,51.6,Landslide
22.0,23.7,78.6,15.4,Landslide
71.4,34.1,91.2,17.9,Landslide
189.2,25.8,84.1,4.6,Landslide
93.4,26.2,71.1,27.1,Flood
49.2,28.3,52.4,16.8,Normal
79.9,24.8,61.0,23.3,Normal
37.6,24.1,66.7,29.3,Normal
237.3,28.8,73.8,38.9,Flood
31.1,25.4,62.8,31.0,Normal
53.5,26.0,56.0,30.6,Normal
87.6,25.9,52.2,44.2,Normal
75.8,31.1,45.2,33.7,Normal
82.0,28.1,66.5,62.7,Landslide
38.3,28.3,48.0,33.8,Normal
47.6,31.4,55.0,91.4,Cyclone
110.3,28.4,64.1,14.9,Flood
106.6,27.9,50.0,26.8,Flood
77.1,30.9,75.7,20.4,Normal
141.3,31.7,81.1,39.9,Landslide
113.3,28.4,61.8,14.9,Landslide
104.4,29.3,63.4,9.5,Normal
11.7,25.9,78.1,17.4,Normal
76.4,25.6,59.3,10.2,Normal
66.7,32.1,58.3,29.6,Normal
153.5,30.8,87.9,38.8,Flood
51.2,30.8,83.3,8.2,Normal
62.7,30.1,79.0,25.5,Flood
21.7,29.2,83.9,68.4,Landslide
26.0,31.8,40.3,81.8,Cyclone
153.8,32.7,90.3,56.8,Flood
81.8,32.6,75.9,2.8,Normal
189.4,28.6,85.2,36.3,Flood
50.5,34.5,75.8,73.7,Landslide
15.0,29.9,70.7,23.5,Landslide
44.9,31.5,65.9,12.1,Normal
38.8,30.1,75.5,70.1,Normal
95.7,30.0,65.3,77.0,Cyclone
93.0,26.1,83.0,33.5,Landslide
84.7,31.8,46.2,12.2,Normal
228.2,40.4,61.9,7.2,Flood
135.9,27.5,100.0,42.9,Landslide
27.7,29.3,60.6,20.6,Normal
115.9,27.2,66.4,32.0,Flood
59.6,27.0,56.8,29.5,Normal
49.4,35.2,75.0,16.7,Normal
147.3,26.3,59.0,6.8,Flood
26.1,27.1,67.2,24.0,Normal
110.6,22.7,82.7,37.3,Flood
98.9,26.0,59.5,38.6,Normal
25.6,22.2,81.8,19.5,Normal
11.2,31.5,82.3,76.0,Cyclone
54.6,40.2,85.8,13.3,Normal
125.0,27.5,72.1,64.8,Flood
76.2,22.3,100.0,36.5,Landslide
150.5,32.6,85.8,24.2,Landslide
72.4,26.1,74.9,46.8,Normal
157.2,34.2,56.9,28.2,Flood
35.4,27.9,68.5,9.4,Normal
84.5,26.5,91.4,12.4,Landslide
42.2,28.3,95.6,26.8,Landslide
53.3,32.0,92.2,21.8,Landslide
62.5,28.1,81.8,63.8,Normal
76.0,27.0,51.2,21.0,Normal
31.3,28.2,77.3,19.9,Normal
81.7,23.9,51.4,17.9,Normal
60.2,30.6,47.7,16.6,Normal
15.9,21.9,73.6,17.1,Normal
9.4,27.2,77.8,10.8,Normal
125.4,32.0,83.6,37.6,Flood
51.3,30.2,77.5,30.0,Landslide
14.2,31.4,78.0,29.1,Normal
174.3,28.7,55.2,7.6,Landslide
87.7,33.7,68.4,44.1,Flood
74.5,32.7,47.4,47.2,Normal
28.9,30.8,39.9,88.5,Cyclone
15.7,32.7,81.1,45.4,Normal
66.8,32.0,58.7,100.3,Cyclone
57.3,27.2,83.1,19.2,Normal
22.1,23.6,86.6,91.6,Cyclone
21.3,30.7,60.7,46.5,Normal
20.3,31.2,78.9,42.5,Normal
19.6,33.4,60.1,28.5,Normal
34.4,25.3,42.3,24.1,Normal
74.6,25.4,71.8,20.4,Landslide
83.9,30.8,62.9,93.7,Cyclone
56.4,28.7,63.4,27.8,Normal
64.5,21.5,99.6,47.0,Flood
86.8,30.5,47.1,54.3,Landslide
6.6,21.6,75.7,53.8,Normal
68.4,25.2,55.1,37.7,Normal
140.0,34.4,83.6,90.5,Landslide
50.2,36.3,74.5,44.5,Normal
121.9,24.1,75.7,19.9,Landslide
51.0,27.7,55.8,25.0,Normal
90.9,29.2,58.5,8.1,Normal
73.5,36.1,83.9,40.7,Landslide
19.9,27.0,96.6,49.8,Normal
24.8,27.1,77.2,52.8,Normal
157.2,35.2,56.5,46.5,Landslide
105.1,27.5,75.1,28.6,Flood
53.7,31.9,100.0,32.8,Normal
48.3,23.1,71.5,32.8,Normal
29.0,28.3,91.9,64.0,Normal
78.1,22.4,58.9,5.2,Normal
31.3,24.8,69.4,22.9,Normal
43.3,32.4,79.3,14.0,Landslide
34.3,28.8,76.0,114.8,Cyclone
100.6,27.7,58.5,72.5,Cyclone
52.0,26.0,57.9,23.6,Normal
64.9,28.1,84.8,9.8,Normal
20.3,30.2,87.9,12.5,Normal
34.1,32.9,92.7,63.4,Normal
66.0,18.5,97.1,7.8,Flood
12.0,25.7,72.0,33.2,Normal
48.9,29.6,65.3,56.6,Normal
57.8,28.6,90.3,11.4,Normal
17.9,30.6,80.7,32.9,Normal
118.3,30.1,55.3,23.9,Flood
75.4,27.8,54.5,21.5,Normal
51.7,26.9,77.4,18.7,Landslide
32.0,28.0,67.3,59.8,Normal
11.5,33.6,69.6,82.8,Cyclone
112.1,26.1,86.1,26.9,Landslide
40.1,28.7,81.4,42.6,Normal
15.0,29.7,89.9,33.4,Normal
31.2,35.2,41.0,6.0,Normal
81.3,27.8,73.8,26.1,Landslide
69.8,32.8,80.4,4.8,Landslide
22.2,33.9,47.1,22.4,Normal
125.9,28.7,60.2,32.2,Flood
14.8,28.2,57.4,53.5,Normal
143.7,27.7,70.3,39.9,Flood
67.6,28.0,94.4,60.8,Landslide
42.7,32.4,100.0,16.3,Landslide
47.7,29.9,57.8,76.1,Normal
62.0,29.9,77.9,82.9,Cyclone
85.8,24.5,78.4,4.5,Landslide
9.2,25.1,75.8,7.4,Normal
30.3,37.6,76.0,31.7,Normal
60.5,28.3,74.6,21.1,Landslide
129.2,25.9,95.3,23.8,Landslide
125.9,34.7,86.5,39.7,Flood
163.7,30.1,54.1,62.4,Landslide
121.8,31.3,81.9,15.5,Landslide
28.3,28.4,83.4,69.5,Normal
57.6,27.7,74.7,18.4,Normal
122.3,28.3,87.0,124.9,Cyclone
114.3,23.5,72.8,76.4,Flood
49.6,28.6,73.0,20.0,Landslide
84.1,30.2,71.8,10.0,Landslide
39.9,36.4,39.7,19.6,Normal
13.6,29.3,68.8,17.5,Normal
53.1,19.7,60.0,49.1,Normal
50.6,28.6,52.2,4.6,Normal
38.3,40.0,91.5,7.5,Landslide
86.1,32.5,77.6,48.1,Landslide
48.3,25.8,69.6,16.9,Normal
77.7,31.4,61.5,22.6,Normal
99.3,26.0,74.4,56.4,Landslide
246.3,23.6,84.9,64.3,Landslide
53.8,27.6,57.6,74.0,Cyclone
130.4,29.4,69.9,53.2,Flood
69.0,21.5,83.0,27.9,Normal
72.0,24.4,41.0,26.1,Normal
54.4,29.0,69.1,23.8,Normal
64.7,27.4,63.6,11.4,Normal
48.6,30.6,68.0,15.0,Normal
115.4,24.1,62.5,67.7,Flood
31.3,31.9,72.1,18.3,Normal
13.4,24.3,98.9,11.5,Landslide
37.3,35.6,65.1,71.5,Cyclone
33.9,22.1,74.4,37.9,Normal
37.2,24.6,99.9,95.0,Cyclone
52.2,30.7,61.7,88.5,Cyclone
37.4,35.7,97.2,12.4,Landslide
51.6,30.3,70.1,30.1,Normal
37.4,31.3,96.7,14.0,Landslide
78.9,29.1,81.3,13.9,Flood
244.9,24.9,74.6,23.3,Flood
68.0,27.0,69.0,50.0,Normal
38.8,24.2,60.6,50.3,Normal
3.7,23.9,71.1,46.0,Normal
193.5,30.6,83.5,27.8,Flood
70.9,24.5,69.8,52.1,Normal
51.2,30.3,65.3,11.3,Normal
4.1,23.8,66.2,38.4,Normal
53.4,30.2,84.9,33.0,Normal
64.2,27.0,88.4,26.5,Landslide
37.6,34.6,60.0,39.4,Normal
16.3,30.3,60.0,14.3,Normal
15.2,33.9,75.7,47.3,Normal
195.5,26.0,92.9,32.4,Flood
62.9,29.2,87.2,8.2,Landslide
37.5,25.1,51.2,31.8,Normal
60.0,27.3,66.0,21.2,Normal
57.0,28.0,56.0,68.8,Cyclone
14.4,26.1,66.0,12.1,Normal
110.2,24.1,94.1,12.5,Flood
50.2,23.3,48.7,43.1,Normal
63.5,19.6,45.7,28.7,Normal
153.8,24.8,57.6,27.6,Flood
16.9,31.5,74.3,125.4,Cyclone
29.9,22.6,79.3,51.2,Normal
73.7,23.5,76.6,25.0,Landslide
108.7,36.2,87.6,7.2,Flood
34.6,26.5,43.6,23.9,Normal
36.3,30.3,87.8,11.0,Normal
91.6,31.6,65.3,15.1,Normal
232.5,31.7,81.0,15.5,Flood
61.6,22.9,50.1,65.2,Cyclone
29.8,28.1,70.1,8.9,Normal
22.4,22.5,73.5,60.8,Normal
52.1,38.8,87.3,44.5,Landslide
105.3,22.6,46.2,44.0,Landslide
299.6,24.8,70.5,14.6,Flood
45.4,24.8,53.7,55.4,Normal
61.6,23.0,77.6,13.1,Normal
174.4,34.4,81.7,83.8,Cyclone
72.8,38.7,89.3,66.2,Flood
68.4,27.1,62.0,93.4,Cyclone
152.5,23.7,83.9,33.1,Flood
62.8,20.1,90.4,28.7,Normal
24.2,28.0,45.4,23.4,Normal
132.1,27.7,79.2,123.6,Cyclone
11.9,26.4,84.4,49.7,Normal
117.3,29.9,66.1,11.1,Flood
58.0,30.6,51.8,77.4,Cyclone
45.8,30.3,84.1,27.8,Normal
44.8,27.7,52.0,1.9,Normal
51.9,24.6,67.3,17.4,Normal
40.5,31.7,69.4,66.2,Normal
80.7,29.1,80.7,44.6,Landslide
41.7,32.6,60.6,51.0,Normal
58.3,32.2,59.7,76.9,Cyclone
6.9,23.3,71.5,5.9,Normal
58.0,23.3,85.1,17.6,Landslide
39.8,26.0,100.0,33.7,Landslide
111.4,24.8,47.4,67.5,Flood
47.3,32.0,74.7,13.0,Normal
100.5,30.4,53.7,24.9,Landslide
92.6,33.4,85.3,32.1,Landslide
94.4,30.6,55.9,16.9,Normal
48.7,29.8,59.9,31.8,Normal
61.0,33.8,61.2,28.5,Normal
79.1,30.9,68.9,20.8,Normal
62.4,29.3,74.8,55.3,Normal
47.4,34.9,77.3,48.6,Normal
26.4,29.5,69.9,57.0,Normal
58.8,27.8,50.1,60.5,Normal
13.5,25.6,80.9,7.9,Normal
6.2,31.8,69.2,8.8,Normal
21.0,33.9,87.4,52.1,Normal
93.6,28.8,59.4,22.4,Normal
69.4,34.2,46.0,20.2,Normal
94.3,21.1,69.5,17.7,Landslide
32.3,28.8,89.4,58.4,Normal
119.3,28.8,72.4,118.5,Cyclone
15.2,26.1,67.0,60.3,Normal
21.8,38.5,56.9,21.6,Normal
117.9,28.7,96.4,56.4,Flood
65.7,27.4,54.6,8.6,Normal
94.7,29.1,59.1,27.0,Flood
69.6,21.0,78.6,6.0,Landslide
36.5,26.0,42.2,22.5,Normal
19.3,32.9,89.1,36.5,Normal
8.6,26.5,79.4,133.0,Cyclone
184.2,25.7,83.5,71.2,Flood
11.4,34.2,78.4,6.1,Normal
149.1,34.4,67.6,6.8,Landslide
63.0,31.1,54.1,17.0,Normal
71.2,27.2,67.9,101.3,Cyclone
67.8,28.0,55.4,6.4,Normal
86.5,25.8,77.3,17.8,Landslide
29.6,25.0,82.1,17.8,Normal
5.1,24.8,92.2,43.1,Normal
35.8,26.5,75.6,57.4,Normal
81.3,24.9,83.9,48.9,Landslide
22.0,22.7,65.5,38.8,Normal
121.4,29.9,62.8,8.2,Flood
52.7,29.9,77.1,34.4,Normal
20.0,35.8,64.2,78.4,Cyclone
65.2,26.3,74.0,96.4,Cyclone
80.3,30.2,54.1,42.2,Normal
84.5,30.3,56.8,6.2,Normal
118.0,28.0,79.5,42.7,Landslide
14.0,32.0,83.3,28.5,Normal
118.1,32.1,55.2,7.3,Landslide
125.7,30.3,80.1,12.3,Landslide
19.3,28.0,62.0,14.6,Normal
23.4,27.6,70.2,52.2,Normal
98.1,23.5,91.3,93.7,Cyclone
41.9,25.8,82.1,46.7,Normal
138.5,26.5,81.9,53.4,Landslide
165.0,24.5,98.6,30.1,Flood
20.0,30.8,59.4,19.9,Normal
29.1,33.8,55.2,47.6,Normal
62.7,25.4,59.2,39.2,Normal
4.9,30.1,66.2,15.8,Normal
8.9,24.9,34.7,37.3,Normal
26.1,27.8,66.9,31.6,Normal
203.5,26.2,61.8,24.7,Landslide
70.1,31.4,81.8,19.3,Landslide
33.5,26.3,75.3,42.2,Normal
23.2,33.0,61.0,20.4,Normal
19.1,28.0,78.8,118.7,Cyclone
35.7,26.4,80.8,45.6,Normal
33.9,24.0,58.5,42.7,Normal
48.3,30.0,62.6,27.6,Normal
83.1,32.6,36.6,23.0,Normal
54.4,30.1,53.6,4.7,Normal
102.2,38.0,58.9,16.7,Landslide
45.5,34.7,71.1,6.0,Normal
173.5,27.8,55.8,5.9,Flood
100.5,27.7,62.3,10.6,Landslide
68.7,30.9,51.6,72.9,Normal
83.3,25.6,72.6,72.7,Landslide
36.5,33.7,76.4,17.1,Normal
47.7,30.4,76.0,8.0,Normal
46.2,30.0,70.2,22.1,Normal
30.1,31.7,46.9,51.8,Normal
15.9,35.9,60.7,63.0,Normal
86.6,29.7,63.9,36.9,Landslide
113.7,28.5,64.0,41.8,Flood
77.9,35.0,71.1,38.9,Landslide
54.3,32.9,91.4,6.5,Normal
226.5,27.7,82.2,8.8,Flood
33.1,29.0,55.2,96.2,Cyclone
70.5,29.8,80.2,36.7,Landslide
125.2,30.4,79.6,3.4,Landslide
21.2,23.6,57.9,43.7,Normal
91.4,22.8,82.7,13.9,Landslide
181.1,25.5,67.6,66.5,Flood
57.9,25.1,48.9,61.7,Normal
65.8,26.4,76.8,49.8,Normal
33.3,31.5,73.3,36.4,Normal
82.6,28.3,66.6,77.8,Cyclone
29.4,29.8,69.4,83.2,Cyclone
55.2,24.1,59.2,14.3,Normal
13.9,27.2,79.2,49.4,Normal
2.1,31.3,69.3,19.5,Normal
39.3,31.4,72.5,12.4,Normal
38.8,26.1,75.4,83.1,Cyclone
42.2,29.6,52.7,55.2,Normal
98.4,37.8,56.6,38.7,Normal
115.9,28.9,36.9,15.6,Normal
72.7,26.2,78.5,84.8,Cyclone
93.5,28.3,51.8,13.8,Normal
30.2,29.4,72.0,11.0,Normal
24.0,28.4,75.6,31.7,Normal
83.8,28.9,79.0,51.8,Landslide
20.9,23.2,51.9,24.0,Normal
18.6,25.1,69.0,36.0,Normal
306.1,28.4,95.1,19.4,Flood
60.8,28.3,95.7,21.3,Landslide
38.8,26.7,84.8,103.5,Cyclone
35.1,28.3,75.1,29.4,Normal
14.3,29.2,54.9,81.2,Cyclone
71.6,32.6,80.8,5.7,Normal
45.5,28.6,67.6,67.4,Normal
113.7,30.6,78.4,16.3,Flood
85.7,26.8,60.5,56.1,Normal
44.2,31.3,67.4,16.1,Normal
6.8,30.5,72.5,22.6,Normal
60.9,32.5,73.7,12.1,Normal
56.8,31.9,77.4,56.9,Normal
5.1,31.4,61.3,63.3,Normal
78.7,28.6,49.9,16.7,Normal
20.2,30.0,94.4,7.4,Normal
117.8,33.3,100.0,80.4,Landslide
54.1,26.4,76.7,18.5,Normal
34.3,26.5,50.1,28.2,Normal
67.6,29.7,58.4,14.2,Normal
64.5,30.7,77.6,53.1,Landslide
62.7,25.7,90.1,54.0,Flood
107.2,28.7,51.8,89.5,Cyclone
70.7,28.6,68.1,68.8,Cyclone
31.7,20.1,72.9,65.6,Normal
46.6,28.1,83.0,30.3,Landslide
147.3,28.4,64.8,27.4,Flood
29.2,28.4,46.5,52.5,Normal
77.8,34.7,79.3,29.0,Landslide
110.0,24.1,86.9,70.4,Landslide
83.4,25.7,68.8,13.3,Normal
61.2,18.6,76.1,5.5,Normal
68.6,27.1,62.9,48.2,Normal
87.2,27.4,57.3,20.6,Normal
28.9,27.0,85.4,11.5,Normal
57.1,33.4,75.8,127.7,Cyclone
225.6,32.4,77.4,32.5,Flood
79.6,29.3,92.5,9.1,Landslide
62.9,27.5,54.2,18.6,Normal
42.9,33.1,61.7,25.6,Normal
29.2,28.9,72.4,47.5,Normal
70.3,25.7,61.5,18.6,Landslide
74.0,22.1,81.7,28.5,Landslide
54.1,27.2,67.2,39.7,Normal
285.7,32.0,55.1,45.3,Flood
31.5,38.1,71.0,30.2,Normal
25.3,29.2,72.6,102.4,Cyclone
43.4,25.9,84.0,53.5,Normal
55.5,24.3,75.9,51.4,Normal
27.8,31.2,76.9,50.0,Normal
69.1,21.9,74.8,70.8,Landslide
74.7,31.2,67.2,37.7,Landslide
94.6,32.3,59.3,13.1,Normal
37.8,30.7,74.3,43.8,Normal
139.1,28.1,65.0,47.9,Flood
90.2,31.3,95.3,78.5,Landslide
30.9,29.7,90.1,11.9,Normal
27.7,25.9,79.5,14.8,Landslide
45.8,36.4,75.7,33.3,Landslide
74.8,27.6,68.7,51.1,Normal
82.9,32.1,51.1,9.9,Normal
90.0,19.3,66.8,12.2,Landslide
216.3,34.1,71.5,59.9,Flood
9.7,34.9,73.4,10.3,Normal
53.0,29.1,77.0,15.0,Landslide
204.5,31.2,83.8,62.6,Flood
97.7,31.2,59.6,50.5,Normal
23.8,26.4,59.8,18.8,Normal
66.5,31.2,91.8,46.4,Landslide
50.6,25.8,81.6,40.2,Normal
49.1,26.6,64.1,29.3,Normal
37.2,33.5,68.4,23.5,Normal
62.5,32.9,68.5,45.1,Normal
122.1,26.2,70.5,11.2,Landslide
40.1,26.1,77.1,44.7,Normal
90.5,26.4,100.0,37.4,Landslide
101.8,31.9,72.8,39.5,Landslide
138.3,25.0,79.9,14.4,Flood
27.3,30.4,44.7,79.8,Cyclone
58.8,32.0,62.7,18.9,Normal
33.6,28.6,88.4,21.5,Normal
62.6,33.0,76.0,28.4,Normal
62.3,27.8,20.0,50.4,Normal
21.4,28.1,80.1,38.6,Normal
65.4,25.1,98.8,7.2,Normal
223.3,33.1,40.1,32.2,Flood
83.1,25.9,92.8,34.3,Landslide
17.4,30.4,28.4,81.2,Cyclone
25.8,28.7,84.1,25.3,Normal
56.6,24.8,69.9,47.4,Normal
26.3,26.6,34.8,167.0,Cyclone
133.4,34.5,76.7,71.9,Landslide
15.3,29.8,87.3,13.7,Normal
83.5,25.0,75.5,55.3,Normal
12.1,30.2,78.8,44.9,Normal
55.9,28.4,63.8,24.6,Normal
22.9,42.8,42.1,55.8,Normal
94.5,30.1,80.4,13.5,Landslide
118.6,27.5,96.2,19.2,Flood
74.7,34.7,86.9,28.6,Flood
122.3,21.6,40.2,23.7,Normal
3.4,29.4,47.3,51.6,Normal
64.8,37.0,57.3,31.5,Normal
82.7,28.5,46.1,21.7,Normal
90.4,22.1,70.7,71.1,Flood
79.2,27.4,75.9,50.2,Normal
91.8,34.8,48.5,8.7,Normal
64.3,30.5,81.7,8.5,Landslide
17.5,25.6,79.0,21.9,Normal
37.0,26.3,61.8,9.8,Normal
133.8,26.8,67.4,63.5,Landslide
123.9,30.4,40.8,20.0,Normal
81.6,34.4,65.0,47.3,Normal
95.9,33.2,70.1,54.8,Landslide
114.1,30.8,72.5,4.7,Flood
80.9,23.7,75.7,20.8,Landslide
131.3,23.7,73.7,27.6,Flood
128.4,31.1,66.0,39.9,Landslide
268.9,23.6,74.3,61.0,Flood
38.3,28.1,85.0,131.4,Cyclone
38.9,30.2,68.6,95.8,Cyclone
76.7,24.4,74.8,31.2,Normal
196.8,24.9,67.2,30.9,Flood
138.3,28.6,60.3,89.2,Cyclone
104.2,31.0,77.8,32.5,Landslide
144.6,33.2,61.7,20.4,Flood
83.7,31.4,75.8,64.2,Cyclone
46.3,29.3,70.4,41.3,Normal
228.7,26.0,65.4,8.4,Flood
79.4,24.7,65.1,25.4,Normal
126.5,27.0,62.4,10.1,Flood
3.3,30.6,45.3,1.9,Normal
4.5,30.3,75.7,104.7,Cyclone
66.3,20.6,73.5,35.8,Landslide
26.3,25.9,82.7,26.2,Normal
70.9,33.8,62.0,21.7,Normal
38.8,29.3,98.4,33.0,Landslide
294.0,23.3,64.3,21.5,Flood
119.8,38.4,56.9,13.9,Landslide
154.0,28.9,55.1,22.6,Flood
6.0,30.5,44.0,83.4,Cyclone
103.2,30.6,93.0,63.2,Landslide
50.7,27.5,90.6,22.6,Landslide
155.9,26.1,79.0,111.7,Cyclone
93.0,37.5,56.6,30.9,Normal
56.7,33.0,97.2,16.9,Landslide
19.5,32.3,64.7,42.7,Normal
65.4,31.3,66.0,92.3,Cyclone
131.8,25.0,91.6,80.7,Landslide
161.9,34.1,79.9,17.6,Flood
43.8,25.6,100.0,11.5,Landslide
263.8,30.1,73.7,24.3,Flood
124.9,22.4,64.0,47.9,Flood
26.8,20.8,60.8,57.4,Normal
21.4,30.3,42.3,73.1,Cyclone
53.3,25.8,65.8,37.3,Normal
43.7,21.0,87.2,38.2,Normal
84.2,31.2,79.0,36.3,Landslide
60.3,37.5,70.3,66.8,Landslide
46.8,34.6,55.1,58.2,Normal
12.9,28.0,73.4,17.1,Normal
95.0,29.0,85.2,53.3,Flood
11.7,32.6,76.5,63.8,Normal
125.2,33.5,72.5,67.4,Flood
7.0,27.6,58.0,41.3,Normal
10.9,29.1,83.0,39.7,Normal
26.7,30.2,23.0,32.0,Normal
40.6,31.2,75.7,34.5,Normal
33.8,28.5,100.0,100.6,Cyclone
40.4,28.5,47.4,35.4,Normal
72.0,34.5,66.4,18.3,Landslide
27.3,33.8,69.9,42.0,Normal
72.5,30.9,63.1,56.7,Cyclone
3.4,35.9,85.5,65.5,Normal
26.4,27.5,77.1,13.8,Normal
10.3,35.5,72.3,87.2,Cyclone
124.2,31.2,82.0,55.2,Landslide
30.7,42.1,70.3,83.9,Cyclone
90.8,24.2,100.0,9.5,Landslide
8.2,26.2,72.3,69.1,Normal
160.1,30.7,72.9,13.2,Flood
63.0,30.6,44.3,26.7,Normal
57.6,36.8,61.8,56.4,Normal
13.0,26.3,87.2,12.0,Normal
23.4,32.6,50.0,21.4,Normal
48.0,33.6,37.6,9.3,Normal
24.2,31.8,70.5,55.4,Normal
115.9,25.2,90.6,16.8,Landslide
61.6,34.6,70.6,33.7,Normal
24.5,33.9,65.0,44.9,Normal
103.7,31.4,42.1,41.6,Normal
42.9,29.8,76.8,38.9,Normal
100.4,29.9,79.9,38.9,Landslide
37.3,28.7,43.3,9.9,Normal
86.4,31.6,87.0,27.8,Landslide
41.7,29.1,81.5,38.6,Normal
115.9,25.6,87.0,35.6,Landslide
8.4,24.8,78.8,30.4,Normal
17.9,26.0,79.8,18.9,Normal
51.6,29.9,77.8,41.0,Normal
32.0,28.9,83.0,46.6,Normal
40.6,29.9,42.7,23.8,Normal
93.6,31.0,47.5,65.8,Cyclone
39.9,26.5,59.0,88.4,Cyclone
74.4,34.9,68.1,34.2,Normal
26.2,27.9,75.8,17.4,Normal
6.3,27.3,74.9,11.9,Normal
100.0,30.9,86.8,26.3,Landslide
184.9,21.7,87.2,32.4,Landslide
68.7,25.8,56.9,11.3,Normal
53.9,32.9,73.6,25.7,Normal
63.3,22.1,57.3,63.4,Normal
145.4,33.5,67.2,3.9,Flood
69.3,35.0,74.8,35.9,Normal
103.5,27.5,20.0,21.3,Normal
100.2,30.2,100.0,33.1,Landslide
122.8,33.5,78.5,91.6,Cyclone
53.0,27.1,61.1,32.0,Normal
36.9,32.5,98.9,28.6,Landslide
87.1,26.3,64.8,53.0,Flood
116.8,27.1,72.0,41.4,Landslide
132.5,25.8,62.7,36.0,Flood
157.6,30.4,94.8,42.5,Flood
109.5,33.6,68.4,75.4,Cyclone
35.2,28.3,72.2,60.7,Normal
68.7,23.9,88.1,27.0,Landslide
64.1,24.7,78.8,88.4,Cyclone
58.8,30.6,69.2,22.3,Landslide
87.2,36.4,86.7,35.9,Flood
49.1,30.6,100.0,39.0,Normal
49.2,27.5,74.8,26.1,Normal
192.5,32.1,71.8,82.1,Landslide
55.2,28.0,72.6,25.0,Normal
122.2,27.5,89.7,30.1,Flood
127.1,25.2,61.0,66.8,Flood
70.1,34.6,65.8,23.0,Normal
50.8,18.8,46.9,10.9,Normal
27.2,32.2,52.2,36.6,Normal
11.5,27.1,62.2,14.1,Normal
91.8,27.4,69.2,12.7,Flood
78.8,35.8,96.5,4.0,Landslide
101.6,26.1,78.0,4.7,Landslide
39.0,26.3,56.3,5.1,Normal
205.6,28.5,59.1,96.1,Flood
84.0,30.7,90.6,5.1,Landslide
53.6,27.2,86.9,13.8,Landslide
5.7,22.7,70.4,30.5,Normal
42.8,25.5,63.4,51.3,Normal
105.1,34.1,86.9,55.1,Flood
154.9,29.3,55.1,17.4,Flood
60.4,30.8,75.9,35.4,Normal
172.2,28.0,100.0,29.8,Landslide
25.3,26.4,73.1,33.9,Normal
80.5,35.7,58.4,37.3,Landslide
82.2,28.2,76.2,44.8,Flood
92.3,27.2,62.9,20.9,Flood
67.0,33.4,49.1,25.2,Normal
77.3,26.1,80.5,127.7,Cyclone
24.7,26.6,86.8,22.0,Normal
144.9,29.0,65.3,35.9,Flood
113.9,29.0,64.3,30.0,Flood
75.1,30.0,55.6,34.8,Normal
115.8,37.4,67.8,68.0,Landslide
148.1,30.3,61.6,28.7,Flood
91.3,19.5,54.8,12.2,Normal
220.3,30.3,98.4,20.6,Flood
96.8,29.2,77.0,28.8,Flood
28.5,29.2,78.6,38.2,Normal
72.3,30.0,83.3,17.5,Normal
118.9,28.9,81.6,19.2,Flood
148.2,28.8,63.8,39.2,Landslide
68.1,31.5,74.1,40.2,Normal
26.5,26.8,66.0,61.6,Normal
49.9,25.2,76.6,20.4,Normal
16.5,41.1,75.1,48.0,Normal
104.0,26.1,64.3,30.1,Flood
42.3,29.4,50.1,22.9,Normal
32.7,23.0,72.2,30.8,Normal
111.3,29.5,66.9,34.1,Flood
169.8,25.3,41.6,11.0,Flood
32.6,27.2,77.6,11.8,Normal
68.4,33.2,84.5,52.6,Flood
51.6,30.9,100.0,24.7,Landslide
152.8,31.3,64.1,38.4,Landslide
56.4,21.9,61.9,51.5,Normal
24.2,36.3,53.4,31.0,Normal
58.6,24.2,73.1,48.6,Normal
131.7,35.1,73.0,34.3,Flood
49.2,33.1,57.8,35.5,Normal
35.7,31.3,67.4,71.7,Cyclone
54.5,25.6,40.3,28.5,Normal
24.9,29.6,83.9,53.0,Landslide
51.5,27.1,58.4,9.2,Normal
38.1,29.1,69.5,37.4,Normal
247.0,28.0,48.6,84.0,Flood
7.7,20.8,61.3,133.7,Cyclone
28.4,33.5,65.8,9.7,Normal
35.7,28.7,69.8,24.6,Normal
25.1,27.1,77.2,14.4,Normal
81.1,26.8,91.6,29.3,Landslide
32.1,30.4,81.0,59.0,Normal
14.7,25.4,84.4,73.4,Normal
63.9,20.0,91.7,75.0,Cyclone
46.9,30.6,78.5,8.8,Landslide
33.4,31.1,69.4,33.6,Normal
150.2,28.2,85.1,20.1,Landslide
83.1,24.4,86.1,28.1,Flood
76.5,29.4,79.7,22.5,Landslide
84.5,23.1,48.2,9.3,Normal
81.3,24.9,57.4,73.9,Cyclone
48.9,26.0,65.9,17.6,Normal
32.4,32.4,81.7,20.4,Normal
64.9,27.5,69.7,84.3,Cyclone
48.2,27.2,87.1,7.7,Landslide
7.6,36.8,89.7,44.4,Normal
23.0,30.4,88.0,64.6,Normal
43.3,30.4,88.1,79.9,Landslide
113.0,27.5,54.4,42.3,Landslide
65.2,26.6,77.2,53.7,Normal
27.4,20.3,60.9,64.6,Normal
21.1,32.9,45.3,29.7,Normal
130.0,30.8,65.7,15.6,Flood
50.7,28.3,89.9,88.5,Cyclone
1.0,28.5,76.9,49.8,Normal
53.4,31.9,100.0,33.5,Landslide
96.4,22.8,72.7,9.8,Flood
20.5,26.6,100.0,3.0,Normal
61.4,24.5,72.7,43.8,Normal
66.0,36.1,70.3,2.7,Normal
21.7,32.5,50.8,33.3,Normal
138.2,20.2,86.7,18.4,Flood
66.8,22.9,62.5,22.4,Normal
43.1,28.5,60.3,75.6,Normal
51.0,27.1,89.2,18.5,Normal
17.8,23.7,87.4,34.5,Normal
17.1,36.8,87.0,18.6,Normal
39.8,30.3,64.6,40.9,Normal
42.0,30.9,69.2,36.8,Normal
48.3,26.2,69.1,33.3,Normal
146.6,31.9,81.7,64.8,Flood
92.8,27.5,93.3,7.7,Landslide
9.3,27.9,75.5,5.7,Normal
128.0,31.4,99.6,11.6,Flood
39.6,22.5,83.5,37.0,Landslide
99.2,35.4,66.5,46.0,Landslide
42.3,29.7,82.4,0.9,Normal
63.6,34.1,95.6,45.6,Landslide
19.2,24.7,100.0,25.1,Landslide
74.6,25.3,87.8,90.0,Cyclone
107.3,24.4,70.4,43.2,Flood
11.5,30.0,66.7,83.2,Cyclone
108.4,29.3,78.6,73.1,Flood
32.3,27.1,95.1,25.1,Landslide
178.8,24.9,76.5,59.2,Landslide
100.5,23.9,76.8,25.1,Flood
88.5,28.8,70.8,97.4,Cyclone
51.2,27.1,65.1,27.0,Normal
276.7,26.3,67.6,47.5,Flood
39.8,35.2,72.0,109.5,Cyclone
23.5,28.7,95.8,49.0,Normal
33.3,34.1,66.4,23.0,Normal
121.0,26.9,70.8,10.3,Flood
62.7,30.0,57.0,7.8,Normal
55.8,28.8,80.7,45.4,Landslide
40.3,22.2,90.5,30.8,Landslide
53.6,34.7,94.4,11.8,Landslide
38.0,28.5,73.1,54.9,Normal
94.5,32.0,78.6,54.3,Landslide
47.5,26.0,67.7,30.4,Normal
33.8,28.3,77.9,85.6,Cyclone
114.0,25.5,74.7,6.3,Flood
24.3,33.9,70.9,23.8,Normal
63.4,30.2,72.1,48.8,Normal
7.5,30.5,76.8,13.1,Normal
15.6,34.4,65.6,58.6,Normal
43.4,33.6,66.4,70.7,Normal
37.4,32.1,95.6,1.7,Landslide
37.3,23.3,100.0,87.5,Cyclone
101.1,26.2,51.9,46.8,Flood
105.3,25.0,51.1,21.5,Flood
72.9,31.9,55.6,8.5,Normal
23.0,29.7,68.5,64.1,Normal
53.2,23.4,83.4,11.2,Normal
195.7,28.2,78.9,46.7,Landslide
259.2,23.0,72.6,11.6,Flood
114.8,28.8,77.9,32.7,Landslide
23.9,22.4,59.6,62.1,Normal
53.6,31.1,66.3,21.8,Normal
69.4,30.5,69.7,87.2,Cyclone
61.8,36.6,46.2,49.6,Normal
123.2,32.4,52.6,13.1,Flood
98.0,27.3,53.2,9.2,Flood
22.7,32.3,81.5,16.7,Landslide
34.5,23.4,73.7,31.5,Normal
114.5,25.2,79.2,92.7,Landslide
149.8,30.3,42.4,104.5,Cyclone
70.0,20.4,47.7,21.1,Normal
162.4,28.9,79.9,20.5,Landslide
64.2,24.9,28.3,55.6,Normal
26.7,29.4,88.4,55.3,Normal
91.9,24.7,42.7,78.0,Cyclone
334.5,30.7,82.7,79.4,Flood
18.0,29.1,56.7,15.7,Normal
158.3,34.6,85.7,7.4,Landslide
88.2,29.0,100.0,50.2,Landslide
32.8,25.9,35.9,38.5,Normal
7.8,28.0,80.4,3.8,Normal
4.3,23.6,42.9,7.2,Normal
37.3,30.6,76.4,48.4,Normal
78.1,31.4,66.9,29.4,Normal
108.8,38.9,71.9,49.2,Flood
126.6,26.5,56.3,12.3,Normal
73.1,27.9,81.7,51.8,Normal
65.0,26.7,48.3,42.1,Normal
44.6,29.8,88.6,54.5,Landslide
79.5,30.5,63.9,22.4,Normal
33.2,28.8,49.0,18.5,Normal
19.0,33.3,93.9,8.5,Normal
62.0,26.5,69.0,25.5,Landslide
103.0,32.9,98.6,68.6,Flood
15.1,31.2,88.3,81.8,Cyclone
37.3,29.0,58.0,11.3,Normal
60.2,27.7,68.7,31.5,Landslide
59.2,38.7,71.8,93.6,Cyclone
86.5,25.7,92.9,102.1,Cyclone
192.0,30.2,76.6,24.7,Flood
4.4,26.0,72.6,72.8,Normal
197.7,36.1,67.0,64.5,Flood
186.3,32.5,69.2,60.9,Landslide
110.0,26.3,89.6,6.1,Flood
69.1,31.1,70.1,20.0,Normal
33.8,30.0,64.1,28.9,Normal
109.1,26.9,61.5,28.2,Landslide
71.8,32.0,61.7,31.2,Normal
45.4,30.6,49.0,109.6,Cyclone
107.1,29.9,58.7,25.4,Landslide
120.3,28.8,92.5,43.5,Flood
149.0,30.7,66.9,42.4,Landslide
30.6,29.9,80.6,31.5,Normal
136.2,29.2,32.8,12.0,Flood
46.1,26.4,78.5,34.9,Normal
69.2,35.8,67.6,3.7,Normal
79.6,24.8,62.8,46.7,Landslide
128.7,30.7,72.7,2.9,Flood
99.5,27.7,62.6,43.7,Landslide
44.7,36.0,38.1,19.1,Normal
5.3,25.4,83.8,13.7,Normal
85.8,26.1,73.6,56.2,Flood
67.1,25.1,65.3,23.0,Landslide
17.7,30.3,55.5,33.5,Normal
73.2,23.5,48.0,6.4,Normal
59.6,27.1,73.4,85.9,Cyclone
148.0,20.4,94.2,36.1,Landslide
206.7,30.0,73.0,36.0,Flood
118.2,27.0,49.3,47.5,Normal
57.0,23.0,73.4,1.4,Normal
63.9,33.3,69.2,91.8,Cyclone
29.6,23.8,83.0,24.6,Normal
34.9,32.2,79.1,88.1,Cyclone
54.4,26.2,25.2,23.9,Normal
49.9,35.4,78.2,19.6,Landslide
16.7,32.0,54.9,45.1,Normal
149.1,25.0,48.7,124.2,Cyclone
163.3,25.3,67.2,72.8,Flood
145.9,31.4,76.2,48.8,Flood
167.1,28.0,45.4,44.6,Flood
246.7,28.3,80.6,34.6,Flood
30.1,34.1,81.5,85.5,Cyclone
239.8,26.0,70.7,57.2,Flood
44.5,29.4,57.0,8.3,Normal
95.3,32.8,55.3,13.7,Normal
12.6,32.2,85.4,50.0,Normal
39.8,28.4,47.3,11.5,Normal
120.6,27.8,86.0,35.9,Flood
98.5,22.0,67.5,60.6,Landslide
43.8,24.8,68.6,45.4,Normal
63.9,30.3,44.4,9.8,Normal
36.3,28.4,67.8,14.5,Normal
120.3,29.3,79.2,46.4,Landslide
155.9,33.2,50.0,115.3,Cyclone
30.2,24.3,77.5,30.3,Normal
58.9,28.1,71.3,62.1,Normal
